,perplexity,coherence,homogeneity,completeness,silhouette,time,train time,test time,evaluation time,numClusters,numTopics,numAbstracts,preprocessing?
2,"[1267983.6024174055, 1403432.5166793047, 1309240.3361376785, 1443266.0419870587, 1417015.607680065]",[],"[0.01908065966785695, 0.05053281098998534, 0.045093074690965164, 0.0428722554693539, 0.05831777180611353]","[0.031140137018310823, 0.08395800759201286, 0.07510102109769497, 0.07321543524453845, 0.10127820679841198]","[0.0007269484309334515, -0.002065474478993416, -0.003235012375012242, -0.0008573701439172738, -0.00298885453917531]","[1.9317174349998822, 1.7073928190002334, 1.7981953209964558, 1.790215424996859, 1.8016273790053674]","[1.6823755349978455, 1.4658671149954898, 1.5474264179938473, 1.5491541720039095, 1.559586103001493]","[0.12667599900305504, 0.12327794299926609, 0.13362163500278257, 0.12337894199299626, 0.12614136900083395]","[0.1226555510002072, 0.11823817100230372, 0.11713805799809052, 0.11767110100481659, 0.11589016699872445]",2,6,300,False
4,"[12530123.787808012, 14898257.252344804, 13509933.572268695, 15807600.034737054, 15408559.230549915]",[],"[0.12601279470684182, 0.10949767158027136, 0.16779303517945537, 0.20306876892595332, 0.13514535424364008]","[0.10355362260748999, 0.0919801366469141, 0.14327141479332983, 0.17570190441826491, 0.12357492832700726]","[-0.062333206743623575, -0.028194078876497008, -0.03854268480998825, -0.040663122293902496, -0.0472272453463447]","[1.7482264549980755, 1.9160379520035349, 1.8068231599972933, 1.8121783809983754, 1.7208221569962916]","[1.494600056001218, 1.6650772990033147, 1.5603558860020712, 1.5612486169993645, 1.4744862929946976]","[0.12257330000284128, 0.12324411200097529, 0.11827184099820442, 0.1262085490016034, 0.11844320200179936]","[0.13104187899443787, 0.12770245099818567, 0.12818497300031595, 0.12471071499749087, 0.12788455199915916]",4,6,300,False
