,perplexity,coherence,homogeneity,completeness,silhouette,time,train time,test time,evaluation time,numClusters,numTopics,numAbstracts,preprocessing?
2,"[1970430.6747539616, 2214777.9688503845, 1905022.3487015862, 2469972.12471976, 2263936.9885811927]",[],"[0.008490802093119969, 0.0, 0.0, 0.050368150001778716, 0.0]","[0.11294931954178844, 0.0, 0.0, 0.09179270752039748, 0.0]","[-0.15330189221757848, 0.0, 0.0, -0.004614208548371675, 0.0]","[8.676301538995176, 8.62195875299949, 8.464481599003193, 8.577633819004404, 8.569363700000395]","[8.433520362996205, 8.486379965004744, 8.34241492000001, 8.33621158599999, 8.43108783599746]","[0.15473338800074998, 0.053080142999533564, 0.0467753890043241, 0.15406523800629657, 0.05534963800164405]","[0.08804329799750121, 0.08249390499986475, 0.0752862399967853, 0.08735205499397125, 0.08292145599989453]",2,6,300,False
4,"[23747985.567731213, 30030249.619167004, 25012711.73217817, 32910846.655526415, 33212694.622050367]",[],"[0.1207373374919342, 0.017746830668572276, 0.021486788523709048, 0.05296653214798566, 0.1123525290407377]","[0.16109559252738612, 0.08865750107246019, 0.2916857879690182, 0.12734762509609443, 0.14463214231960744]","[-0.04555076703540607, -0.10973133467110942, -0.2227676463818477, -0.21045086879197766, -0.1686338230181269]","[8.791377893001481, 8.50737476899667, 8.638018535995798, 8.86512426000263, 8.913469323000754]","[8.519884695000655, 8.250193732994376, 8.330213212000672, 8.590779516998737, 8.643334309002967]","[0.16780958700110205, 0.15532743000221672, 0.1768042260009679, 0.17220659600570798, 0.17005777099984698]","[0.10367813099583145, 0.10184943600324914, 0.13099559799593408, 0.10213426699920092, 0.10006666299887002]",4,6,300,False
