,perplexity,coherence,homogeneity,completeness,silhouette,time,train time,test time,evaluation time,numClusters,numTopics,numAbstracts,preprocessing?
2,"[2069298.7577728543, 2336749.750508415, 2285375.5496798316, 2431003.2352396557, 2527076.63362302]",[],"[0.051778163937413926, 0.084532339157363, 0.04143014346927253, 0.08746261811038931, 0.026884960820684308]","[0.086752306750514, 0.14216264400273676, 0.08775347590466681, 0.2628124720297075, 0.059522849428176906]","[0.008669228621322456, 0.0006423979245991767, -0.03714928878290798, 0.031160834129616403, -0.024728769780017156]","[5.653936235998117, 5.696846516999358, 5.643497613004001, 5.617588147993956, 5.59512834999623]","[5.4855071080019115, 5.527029535995098, 5.465018984003109, 5.439803360997757, 5.427784434999921]","[0.09968687199580017, 0.10268838800402591, 0.1098722530005034, 0.11156269699858967, 0.10058463300083531]","[0.06873749600345036, 0.0671247529971879, 0.06860168599814642, 0.0662172099982854, 0.0667537419940345]",2,6,300,True
4,"[30144698.231744017, 37654650.06703391, 37811510.35521572, 42774608.756102, 43614422.07961668]",[],"[0.03320120357153871, 0.008320316734626182, 0.1108045426826857, 0.15007738968837903, 0.02697152355451374]","[0.05021585971255712, 0.11294931954178844, 0.0995208351000398, 0.13414700298078427, 0.3827151494838774]","[-0.003752733237374563, -0.0480716158829887, -0.051978544716743194, -0.04062540947544295, -0.009740624860797983]","[5.623629111003538, 5.641728510003304, 5.605147602000216, 5.470397435994528, 5.613458430001629]","[5.412095011000929, 5.459244712001237, 5.429488928995852, 5.29743762799626, 5.424421348005126]","[0.1230484420011635, 0.10955016300431453, 0.10286948900466086, 0.09976031199767021, 0.11716420899756486]","[0.08848122799827252, 0.0729297249999945, 0.07278472399775637, 0.07319540600292385, 0.07186885299597634]",4,6,300,True
