,perplexity,coherence,homogeneity,completeness,silhouette,time,train time,test time,evaluation time,numClusters,numTopics,numAbstracts,preprocessing?
2,"[1234848.0040072654, 1358860.723013051, 1327711.2372158407, 1394767.1539810149, 1437756.8257229882]",[],"[0.03959605665106712, 0.06521106382103677, 0.038237351673813834, 0.025240331013937196, 0.042610101387626644]","[0.06488328963377828, 0.11149734592468506, 0.0636830416744778, 0.04531913016294096, 0.07417797533974355]","[-0.0022417819642992064, -0.002094993635545057, -0.0007502897344489635, -0.01651840807549932, -0.0026944981362123943]","[1.2348618550022366, 1.2544485260004876, 1.4005900069969357, 1.2390522340065218, 1.2768929039957584]","[1.0885107239955687, 1.1023704330000328, 1.2550466369939386, 1.0915561100046034, 1.0897030970008927]","[0.06976422800653381, 0.07735012400371488, 0.07060846100648632, 0.07367251699906774, 0.07569656999839935]","[0.07657733299856773, 0.07471846899716184, 0.07492216899845516, 0.07381104699743446, 0.11148382700048387]",2,6,300,True
4,"[14549369.17194032, 17171409.357663058, 16698343.82887773, 18323761.43318803, 19273507.284534603]",[],"[0.12559827288193529, 0.07046731455304851, 0.19314249403705022, 0.09422421964832459, 0.09505258948585743]","[0.1053377814437864, 0.06272866176735092, 0.16385019424052036, 0.08125264250200405, 0.08645867740011616]","[-0.020778214819453664, -0.03064835189473277, -0.026902874340649363, -0.04167988303803962, -0.037298378270111524]","[1.3169611589983106, 1.3201246850003372, 1.2912913040054264, 1.5229703959994367, 1.3274358110065805]","[1.1350743130024057, 1.1579881099969498, 1.1306270830027643, 1.343873685997096, 1.1806057290013996]","[0.0962506840005517, 0.07815383699926315, 0.0784829059994081, 0.07243997399928048, 0.06707359199936036]","[0.08562588199856691, 0.08397247800166951, 0.08217073499690741, 0.10664727599942125, 0.07974711000133539]",4,6,300,True
