,perplexity,coherence,homogeneity,completeness,silhouette,time,train time,test time,evaluation time,numClusters,numTopics,numAbstracts,preprocessing?
2,"[13023.881352093613, 15788.159870634647, 14196.078213073826, 14857.95426960999, 16168.253812872079]",[],"[0.02027467346351403, 0.031068166762115955, 0.06257954124195911, 0.03662417078731006, 0.035026259030307955]","[0.03300909940877717, 0.05174300185690965, 0.10817767966586389, 0.06575886671626416, 0.061222343936820287]","[-0.001995424019821157, 0.006778599779305026, -0.008942729345773202, -0.018118437575643295, -0.004575333160296717]","[0.6525583370021195, 0.5477972939988831, 0.591604967994499, 0.6747282139986055, 1.0823186099951272]","[0.6254119690056541, 0.5131287900003372, 0.5651773209974635, 0.6481029569986276, 1.0557153929985361]","[0.011861626000609249, 0.012326785996265244, 0.011681734999001492, 0.011820514999271836, 0.011752945996704511]","[0.015274821998900734, 0.0223320680015604, 0.01473884200095199, 0.01479412199842045, 0.014843621000181884]",2,6,300,True
4,"[46463.3815212792, 60925.802129448646, 52993.797728519254, 57189.77450369475, 64452.1581022619]",[],"[0.11567522306622854, 0.15288585258300533, 0.13992933428230245, 0.13442639021460073, 0.08411343899808947]","[0.09728978976126687, 0.1322691883164023, 0.12011290354736605, 0.1147846962696368, 0.0737312023935124]","[-0.06312273751324428, -0.01678621365515787, -0.04283737276086982, -0.02274933251717925, -0.03964131259412726]","[0.5813461060024565, 0.5619894940027734, 0.596440948000236, 0.5503441900000325, 0.6919011210047756]","[0.5256300070032012, 0.5335361039979034, 0.5577030749991536, 0.5214979579977808, 0.6591880910054897]","[0.03655615799652878, 0.012317746004555374, 0.020894194996799342, 0.013532969001971651, 0.01628121499379631]","[0.019153020999510773, 0.01612724399456056, 0.01783685800182866, 0.015306143002817407, 0.01642329500464257]",4,6,300,True
